{
    "open_settings": "settings",
    "open_explorer": "explorer",
    "open_notepad": "notepad",
    "change_wallpaper": "wall",
    "open_calc": "calc",
    "shutdown_pc": "shutdown /s /t 0",
    "restart_pc": "shutdown /r /t 0",
    "lock_pc": "rundll32.exe user32.dll,LockWorkStation",
    "logoff_pc": "shutdown /l",
    "taskmgr": "taskmgr",
    "cmd": "cmd",
    "powershell": "powershell",
    "controlpanel": "control",
    "device_manager": "devmgmt.msc",
    "msconfig": "msconfig",
    "regedit": "regedit",
    "clear_temp": "del /q/f/s %TEMP%\\*",
    "open_temp": "start %TEMP%",
    "ipconfig": "ipconfig",
    "ping_google": "ping google.com",
    "wifi_list": "netsh wlan show networks",
    "volume_mute": "nircmd.exe mutesysvolume 1",
    "volume_max": "nircmd.exe setsysvolume 65535",
    "open_msstore": "start ms-windows-store:",
    "open_calendar": "start outlookcal:",
    "open_camera": "start microsoft.windows.camera:",
    "open_mail": "start microsoft.windowscommunicationsapps:",
    "open_maps": "start bingmaps:",
    "open": {},
    "roblox_studio": {
        "path": "C:/Users/User/AppData/Local/Roblox/Versions/version-4d26fb450bb44305/RobloxStudioBeta.exe"
    }
}